{
    "colors": [[0.81490196660161029, 0.18117647245526303, 0.1874509818851941],
               [0.26640984590147054, 0.4894871225427177, 0.66949174907861975],
               [0.34103653705587572, 0.64425530446510693, 0.33196925578164116]],
    "conditions": ["Open", "Closed", "Brain"],
    "Before": [-1, -0.5],
    "During": [0, 10],
    "After": [10.5, 11],
    "baseline": [-5, -1],
    "alpha": [8, 15],
    "beta": [15, 30],
    "toi": [10.5, 11]
}