{
    "conditions": ["Open", "Closed", "Brain"],
    "main_sample_sizes": [100, 100, 80],
    "saline_sample_sizes": [30, 30, 30],
    "n_jobs": 4,

    "lowpass": 35,
    "highpass": 0.5,
    "epoch_width": 15,
    "bad_chs": ["elec1-83", "elec1-84"],
    "baseline": [-5, -1],
    "alpha": [8, 15],
    "beta": [15, 30],
    "decim": 10,
    "tfr_epoch_width": 5,

    "random_seed": 2129,
    "num_permutations": 5000,
    "num_bootstraps": 5,
    "toi": [10.5, 11],

    "colors": [[0.81490196660161029, 0.18117647245526303, 0.1874509818851941],
               [0.26640984590147054, 0.4894871225427177, 0.66949174907861975],
               [0.34103653705587572, 0.64425530446510693, 0.33196925578164116]],
    "font_scale": 2,
    "linewidth": 2.5,
    "Before": [-1, -0.5],
    "During": [0, 10],
    "After": [10.5, 11]
}